-- phpMyAdmin SQL Dump
-- version 5.2.1
-- https://www.phpmyadmin.net/
--
-- Host: db
-- Generation Time: Aug 01, 2023 at 12:57 PM
-- Server version: 8.0.33
-- PHP Version: 8.1.19

SET SQL_MODE = "NO_AUTO_VALUE_ON_ZERO";
START TRANSACTION;
SET time_zone = "+00:00";


/*!40101 SET @OLD_CHARACTER_SET_CLIENT=@@CHARACTER_SET_CLIENT */;
/*!40101 SET @OLD_CHARACTER_SET_RESULTS=@@CHARACTER_SET_RESULTS */;
/*!40101 SET @OLD_COLLATION_CONNECTION=@@COLLATION_CONNECTION */;
/*!40101 SET NAMES utf8mb4 */;

--
-- Database: `312148489_207037227`
--

-- --------------------------------------------------------

--
-- Table structure for table `lists`
--

CREATE TABLE `lists` (
  `id` int UNSIGNED NOT NULL,
  `name` varchar(255) NOT NULL,
  `created_at` datetime NOT NULL,
  `created_by` int UNSIGNED NOT NULL
) ENGINE=InnoDB DEFAULT CHARSET=utf8mb4 COLLATE=utf8mb4_0900_ai_ci;

--
-- Dumping data for table `lists`
--

INSERT INTO `lists` (`id`, `name`, `created_at`, `created_by`) VALUES
(1, 'List 1', '2023-04-01 00:00:00', 1),
(2, 'List 2', '2023-05-01 00:00:00', 2),
(3, 'List 3', '2023-06-01 00:00:00', 3);

-- --------------------------------------------------------

--
-- Table structure for table `participants`
--

CREATE TABLE `participants` (
  `list_id` int UNSIGNED NOT NULL,
  `user_id` int UNSIGNED NOT NULL
) ENGINE=InnoDB DEFAULT CHARSET=utf8mb4 COLLATE=utf8mb4_0900_ai_ci;

--
-- Dumping data for table `participants`
--

INSERT INTO `participants` (`list_id`, `user_id`) VALUES
(1, 1),
(3, 1),
(1, 2),
(2, 2),
(2, 3),
(3, 3);

-- --------------------------------------------------------

--
-- Table structure for table `tasks`
--

CREATE TABLE `tasks` (
  `id` int UNSIGNED NOT NULL,
  `list_id` int UNSIGNED NOT NULL,
  `name` varchar(255) NOT NULL,
  `description` varchar(255) NOT NULL,
  `due_date` datetime NOT NULL,
  `user_in_charge` int UNSIGNED NOT NULL,
  `completed` tinyint(1) NOT NULL DEFAULT '0'
) ENGINE=InnoDB DEFAULT CHARSET=utf8mb4 COLLATE=utf8mb4_0900_ai_ci;

-- --------------------------------------------------------

--
-- Table structure for table `users`
--

CREATE TABLE `users` (
  `id` int UNSIGNED NOT NULL,
  `firstname` varchar(30) NOT NULL,
  `lastname` varchar(30) NOT NULL,
  `email` varchar(50) NOT NULL,
  `password` varchar(255) NOT NULL
) ENGINE=InnoDB DEFAULT CHARSET=utf8mb4 COLLATE=utf8mb4_0900_ai_ci;

--
-- Dumping data for table `users`
--

INSERT INTO `users` (`id`, `firstname`, `lastname`, `email`, `password`) VALUES
(1, 'User', '1', 'user1@test.test', 'test123'),
(2, 'User', '2', 'user2@test.test', 'test123'),
(3, 'User', '3', 'user3@test.test', 'test123'),
(4, 'User', '4', 'user4@test.test', 'test123'),
(5, 'User', '5', 'user5@test.test', 'test123'),
(6, 'User', '6', 'user6@test.test', 'test123'),
(7, 'User', '7', 'user7@test.test', 'test123'),
(8, 'User', '8', 'user8@test.test', 'test123'),
(9, 'User', '9', 'user9@test.test', 'test123'),
(10, 'User', '10', 'user10@test.test', 'test123'),
(11, 'User', '11', 'user11@test.test', 'test123'),
(12, 'User', '12', 'user12@test.test', 'test123'),
(13, 'User', '13', 'user13@test.test', 'test123'),
(14, 'User', '14', 'user14@test.test', 'test123'),
(15, 'User', '15', 'user15@test.test', 'test123'),
(16, 'User', '16', 'user16@test.test', 'test123'),
(17, 'User', '17', 'user17@test.test', 'test123'),
(18, 'User', '18', 'user18@test.test', 'test123'),
(19, 'User', '19', 'user19@test.test', 'test123'),
(20, 'User', '20', 'user20@test.test', 'test123'),
(21, 'User', '21', 'user21@test.test', 'test123'),
(22, 'User', '22', 'user22@test.test', 'test123'),
(23, 'User', '23', 'user23@test.test', 'test123'),
(24, 'User', '24', 'user24@test.test', 'test123'),
(25, 'User', '25', 'user25@test.test', 'test123'),
(26, 'User', '26', 'user26@test.test', 'test123'),
(27, 'User', '27', 'user27@test.test', 'test123'),
(28, 'User', '28', 'user28@test.test', 'test123'),
(29, 'User', '29', 'user29@test.test', 'test123'),
(30, 'User', '30', 'user30@test.test', 'test123'),
(31, 'User', '31', 'user31@test.test', 'test123'),
(32, 'User', '32', 'user32@test.test', 'test123'),
(33, 'User', '33', 'user33@test.test', 'test123'),
(34, 'User', '34', 'user34@test.test', 'test123'),
(35, 'User', '35', 'user35@test.test', 'test123'),
(36, 'User', '36', 'user36@test.test', 'test123'),
(37, 'User', '37', 'user37@test.test', 'test123'),
(38, 'User', '38', 'user38@test.test', 'test123'),
(39, 'User', '39', 'user39@test.test', 'test123'),
(40, 'User', '40', 'user40@test.test', 'test123'),
(41, 'User', '41', 'user41@test.test', 'test123'),
(42, 'User', '42', 'user42@test.test', 'test123'),
(43, 'User', '43', 'user43@test.test', 'test123'),
(44, 'User', '44', 'user44@test.test', 'test123'),
(45, 'User', '45', 'user45@test.test', 'test123'),
(46, 'User', '46', 'user46@test.test', 'test123'),
(47, 'User', '47', 'user47@test.test', 'test123'),
(48, 'User', '48', 'user48@test.test', 'test123'),
(49, 'User', '49', 'user49@test.test', 'test123'),
(50, 'User', '50', 'user50@test.test', 'test123'),
(51, 'User', '51', 'user51@test.test', 'test123'),
(52, 'User', '52', 'user52@test.test', 'test123'),
(53, 'User', '53', 'user53@test.test', 'test123'),
(54, 'User', '54', 'user54@test.test', 'test123'),
(55, 'User', '55', 'user55@test.test', 'test123'),
(56, 'User', '56', 'user56@test.test', 'test123'),
(57, 'User', '57', 'user57@test.test', 'test123'),
(58, 'User', '58', 'user58@test.test', 'test123'),
(59, 'User', '59', 'user59@test.test', 'test123'),
(60, 'User', '60', 'user60@test.test', 'test123'),
(61, 'User', '61', 'user61@test.test', 'test123'),
(62, 'User', '62', 'user62@test.test', 'test123'),
(63, 'User', '63', 'user63@test.test', 'test123'),
(64, 'User', '64', 'user64@test.test', 'test123'),
(65, 'User', '65', 'user65@test.test', 'test123'),
(66, 'User', '66', 'user66@test.test', 'test123'),
(67, 'User', '67', 'user67@test.test', 'test123'),
(68, 'User', '68', 'user68@test.test', 'test123'),
(69, 'User', '69', 'user69@test.test', 'test123'),
(70, 'User', '70', 'user70@test.test', 'test123'),
(71, 'User', '71', 'user71@test.test', 'test123'),
(72, 'User', '72', 'user72@test.test', 'test123'),
(73, 'User', '73', 'user73@test.test', 'test123'),
(74, 'User', '74', 'user74@test.test', 'test123'),
(75, 'User', '75', 'user75@test.test', 'test123'),
(76, 'User', '76', 'user76@test.test', 'test123'),
(77, 'User', '77', 'user77@test.test', 'test123'),
(78, 'User', '78', 'user78@test.test', 'test123'),
(79, 'User', '79', 'user79@test.test', 'test123'),
(80, 'User', '80', 'user80@test.test', 'test123'),
(81, 'User', '81', 'user81@test.test', 'test123'),
(82, 'User', '82', 'user82@test.test', 'test123'),
(83, 'User', '83', 'user83@test.test', 'test123'),
(84, 'User', '84', 'user84@test.test', 'test123'),
(85, 'User', '85', 'user85@test.test', 'test123'),
(86, 'User', '86', 'user86@test.test', 'test123'),
(87, 'User', '87', 'user87@test.test', 'test123'),
(88, 'User', '88', 'user88@test.test', 'test123'),
(89, 'User', '89', 'user89@test.test', 'test123'),
(90, 'User', '90', 'user90@test.test', 'test123'),
(91, 'User', '91', 'user91@test.test', 'test123'),
(92, 'User', '92', 'user92@test.test', 'test123'),
(93, 'User', '93', 'user93@test.test', 'test123'),
(94, 'User', '94', 'user94@test.test', 'test123'),
(95, 'User', '95', 'user95@test.test', 'test123'),
(96, 'User', '96', 'user96@test.test', 'test123'),
(97, 'User', '97', 'user97@test.test', 'test123'),
(98, 'User', '98', 'user98@test.test', 'test123'),
(99, 'User', '99', 'user99@test.test', 'test123'),
(100, 'User', '100', 'user100@test.test', 'test123'),
(101, 'User', '101', 'user101@test.test', 'test123'),
(102, 'User', '102', 'user102@test.test', 'test123'),
(103, 'User', '103', 'user103@test.test', 'test123'),
(104, 'User', '104', 'user104@test.test', 'test123'),
(105, 'User', '105', 'user105@test.test', 'test123'),
(106, 'User', '106', 'user106@test.test', 'test123'),
(107, 'User', '107', 'user107@test.test', 'test123'),
(108, 'User', '108', 'user108@test.test', 'test123'),
(109, 'User', '109', 'user109@test.test', 'test123'),
(110, 'User', '110', 'user110@test.test', 'test123'),
(111, 'User', '111', 'user111@test.test', 'test123'),
(112, 'User', '112', 'user112@test.test', 'test123'),
(113, 'User', '113', 'user113@test.test', 'test123'),
(114, 'User', '114', 'user114@test.test', 'test123'),
(115, 'User', '115', 'user115@test.test', 'test123'),
(116, 'User', '116', 'user116@test.test', 'test123'),
(117, 'User', '117', 'user117@test.test', 'test123'),
(118, 'User', '118', 'user118@test.test', 'test123'),
(119, 'User', '119', 'user119@test.test', 'test123'),
(120, 'User', '120', 'user120@test.test', 'test123'),
(121, 'User', '121', 'user121@test.test', 'test123'),
(122, 'User', '122', 'user122@test.test', 'test123'),
(123, 'User', '123', 'user123@test.test', 'test123'),
(124, 'User', '124', 'user124@test.test', 'test123'),
(125, 'User', '125', 'user125@test.test', 'test123'),
(126, 'User', '126', 'user126@test.test', 'test123'),
(127, 'User', '127', 'user127@test.test', 'test123'),
(128, 'User', '128', 'user128@test.test', 'test123'),
(129, 'User', '129', 'user129@test.test', 'test123'),
(130, 'User', '130', 'user130@test.test', 'test123'),
(131, 'User', '131', 'user131@test.test', 'test123'),
(132, 'User', '132', 'user132@test.test', 'test123'),
(133, 'User', '133', 'user133@test.test', 'test123'),
(134, 'User', '134', 'user134@test.test', 'test123'),
(135, 'User', '135', 'user135@test.test', 'test123'),
(136, 'User', '136', 'user136@test.test', 'test123'),
(137, 'User', '137', 'user137@test.test', 'test123'),
(138, 'User', '138', 'user138@test.test', 'test123'),
(139, 'User', '139', 'user139@test.test', 'test123'),
(140, 'User', '140', 'user140@test.test', 'test123'),
(141, 'User', '141', 'user141@test.test', 'test123'),
(142, 'User', '142', 'user142@test.test', 'test123'),
(143, 'User', '143', 'user143@test.test', 'test123'),
(144, 'User', '144', 'user144@test.test', 'test123'),
(145, 'User', '145', 'user145@test.test', 'test123'),
(146, 'User', '146', 'user146@test.test', 'test123'),
(147, 'User', '147', 'user147@test.test', 'test123'),
(148, 'User', '148', 'user148@test.test', 'test123'),
(149, 'User', '149', 'user149@test.test', 'test123'),
(150, 'User', '150', 'user150@test.test', 'test123'),
(151, 'User', '151', 'user151@test.test', 'test123'),
(152, 'User', '152', 'user152@test.test', 'test123'),
(153, 'User', '153', 'user153@test.test', 'test123'),
(154, 'User', '154', 'user154@test.test', 'test123'),
(155, 'User', '155', 'user155@test.test', 'test123'),
(156, 'User', '156', 'user156@test.test', 'test123'),
(157, 'User', '157', 'user157@test.test', 'test123'),
(158, 'User', '158', 'user158@test.test', 'test123'),
(159, 'User', '159', 'user159@test.test', 'test123'),
(160, 'User', '160', 'user160@test.test', 'test123'),
(161, 'User', '161', 'user161@test.test', 'test123'),
(162, 'User', '162', 'user162@test.test', 'test123'),
(163, 'User', '163', 'user163@test.test', 'test123'),
(164, 'User', '164', 'user164@test.test', 'test123'),
(165, 'User', '165', 'user165@test.test', 'test123'),
(166, 'User', '166', 'user166@test.test', 'test123'),
(167, 'User', '167', 'user167@test.test', 'test123'),
(168, 'User', '168', 'user168@test.test', 'test123'),
(169, 'User', '169', 'user169@test.test', 'test123'),
(170, 'User', '170', 'user170@test.test', 'test123'),
(171, 'User', '171', 'user171@test.test', 'test123'),
(172, 'User', '172', 'user172@test.test', 'test123'),
(173, 'User', '173', 'user173@test.test', 'test123'),
(174, 'User', '174', 'user174@test.test', 'test123'),
(175, 'User', '175', 'user175@test.test', 'test123'),
(176, 'User', '176', 'user176@test.test', 'test123'),
(177, 'User', '177', 'user177@test.test', 'test123'),
(178, 'User', '178', 'user178@test.test', 'test123'),
(179, 'User', '179', 'user179@test.test', 'test123'),
(180, 'User', '180', 'user180@test.test', 'test123'),
(181, 'User', '181', 'user181@test.test', 'test123'),
(182, 'User', '182', 'user182@test.test', 'test123'),
(183, 'User', '183', 'user183@test.test', 'test123'),
(184, 'User', '184', 'user184@test.test', 'test123'),
(185, 'User', '185', 'user185@test.test', 'test123'),
(186, 'User', '186', 'user186@test.test', 'test123'),
(187, 'User', '187', 'user187@test.test', 'test123'),
(188, 'User', '188', 'user188@test.test', 'test123'),
(189, 'User', '189', 'user189@test.test', 'test123'),
(190, 'User', '190', 'user190@test.test', 'test123'),
(191, 'User', '191', 'user191@test.test', 'test123'),
(192, 'User', '192', 'user192@test.test', 'test123'),
(193, 'User', '193', 'user193@test.test', 'test123'),
(194, 'User', '194', 'user194@test.test', 'test123'),
(195, 'User', '195', 'user195@test.test', 'test123'),
(196, 'User', '196', 'user196@test.test', 'test123'),
(197, 'User', '197', 'user197@test.test', 'test123'),
(198, 'User', '198', 'user198@test.test', 'test123'),
(199, 'User', '199', 'user199@test.test', 'test123'),
(200, 'User', '200', 'user200@test.test', 'test123'),
(201, 'User', '201', 'user201@test.test', 'test123'),
(202, 'User', '202', 'user202@test.test', 'test123'),
(203, 'User', '203', 'user203@test.test', 'test123'),
(204, 'User', '204', 'user204@test.test', 'test123'),
(205, 'User', '205', 'user205@test.test', 'test123'),
(206, 'User', '206', 'user206@test.test', 'test123'),
(207, 'User', '207', 'user207@test.test', 'test123'),
(208, 'User', '208', 'user208@test.test', 'test123'),
(209, 'User', '209', 'user209@test.test', 'test123'),
(210, 'User', '210', 'user210@test.test', 'test123'),
(211, 'User', '211', 'user211@test.test', 'test123'),
(212, 'User', '212', 'user212@test.test', 'test123'),
(213, 'User', '213', 'user213@test.test', 'test123'),
(214, 'User', '214', 'user214@test.test', 'test123'),
(215, 'User', '215', 'user215@test.test', 'test123'),
(216, 'User', '216', 'user216@test.test', 'test123'),
(217, 'User', '217', 'user217@test.test', 'test123'),
(218, 'User', '218', 'user218@test.test', 'test123'),
(219, 'User', '219', 'user219@test.test', 'test123'),
(220, 'User', '220', 'user220@test.test', 'test123'),
(221, 'User', '221', 'user221@test.test', 'test123'),
(222, 'User', '222', 'user222@test.test', 'test123'),
(223, 'User', '223', 'user223@test.test', 'test123'),
(224, 'User', '224', 'user224@test.test', 'test123'),
(225, 'User', '225', 'user225@test.test', 'test123'),
(226, 'User', '226', 'user226@test.test', 'test123'),
(227, 'User', '227', 'user227@test.test', 'test123'),
(228, 'User', '228', 'user228@test.test', 'test123'),
(229, 'User', '229', 'user229@test.test', 'test123'),
(230, 'User', '230', 'user230@test.test', 'test123'),
(231, 'User', '231', 'user231@test.test', 'test123'),
(232, 'User', '232', 'user232@test.test', 'test123'),
(233, 'User', '233', 'user233@test.test', 'test123'),
(234, 'User', '234', 'user234@test.test', 'test123'),
(235, 'User', '235', 'user235@test.test', 'test123'),
(236, 'User', '236', 'user236@test.test', 'test123'),
(237, 'User', '237', 'user237@test.test', 'test123'),
(238, 'User', '238', 'user238@test.test', 'test123'),
(239, 'User', '239', 'user239@test.test', 'test123'),
(240, 'User', '240', 'user240@test.test', 'test123'),
(241, 'User', '241', 'user241@test.test', 'test123'),
(242, 'User', '242', 'user242@test.test', 'test123'),
(243, 'User', '243', 'user243@test.test', 'test123'),
(244, 'User', '244', 'user244@test.test', 'test123'),
(245, 'User', '245', 'user245@test.test', 'test123'),
(246, 'User', '246', 'user246@test.test', 'test123'),
(247, 'User', '247', 'user247@test.test', 'test123'),
(248, 'User', '248', 'user248@test.test', 'test123'),
(249, 'User', '249', 'user249@test.test', 'test123'),
(250, 'User', '250', 'user250@test.test', 'test123'),
(251, 'User', '251', 'user251@test.test', 'test123'),
(252, 'User', '252', 'user252@test.test', 'test123'),
(253, 'User', '253', 'user253@test.test', 'test123'),
(254, 'User', '254', 'user254@test.test', 'test123'),
(255, 'User', '255', 'user255@test.test', 'test123'),
(256, 'User', '256', 'user256@test.test', 'test123'),
(257, 'User', '257', 'user257@test.test', 'test123'),
(258, 'User', '258', 'user258@test.test', 'test123'),
(259, 'User', '259', 'user259@test.test', 'test123'),
(260, 'User', '260', 'user260@test.test', 'test123'),
(261, 'User', '261', 'user261@test.test', 'test123'),
(262, 'User', '262', 'user262@test.test', 'test123'),
(263, 'User', '263', 'user263@test.test', 'test123'),
(264, 'User', '264', 'user264@test.test', 'test123'),
(265, 'User', '265', 'user265@test.test', 'test123'),
(266, 'User', '266', 'user266@test.test', 'test123'),
(267, 'User', '267', 'user267@test.test', 'test123'),
(268, 'User', '268', 'user268@test.test', 'test123'),
(269, 'User', '269', 'user269@test.test', 'test123'),
(270, 'User', '270', 'user270@test.test', 'test123'),
(271, 'User', '271', 'user271@test.test', 'test123'),
(272, 'User', '272', 'user272@test.test', 'test123'),
(273, 'User', '273', 'user273@test.test', 'test123'),
(274, 'User', '274', 'user274@test.test', 'test123'),
(275, 'User', '275', 'user275@test.test', 'test123'),
(276, 'User', '276', 'user276@test.test', 'test123'),
(277, 'User', '277', 'user277@test.test', 'test123'),
(278, 'User', '278', 'user278@test.test', 'test123'),
(279, 'User', '279', 'user279@test.test', 'test123'),
(280, 'User', '280', 'user280@test.test', 'test123'),
(281, 'User', '281', 'user281@test.test', 'test123'),
(282, 'User', '282', 'user282@test.test', 'test123'),
(283, 'User', '283', 'user283@test.test', 'test123'),
(284, 'User', '284', 'user284@test.test', 'test123'),
(285, 'User', '285', 'user285@test.test', 'test123'),
(286, 'User', '286', 'user286@test.test', 'test123'),
(287, 'User', '287', 'user287@test.test', 'test123'),
(288, 'User', '288', 'user288@test.test', 'test123'),
(289, 'User', '289', 'user289@test.test', 'test123'),
(290, 'User', '290', 'user290@test.test', 'test123'),
(291, 'User', '291', 'user291@test.test', 'test123'),
(292, 'User', '292', 'user292@test.test', 'test123'),
(293, 'User', '293', 'user293@test.test', 'test123'),
(294, 'User', '294', 'user294@test.test', 'test123'),
(295, 'User', '295', 'user295@test.test', 'test123'),
(296, 'User', '296', 'user296@test.test', 'test123'),
(297, 'User', '297', 'user297@test.test', 'test123'),
(298, 'User', '298', 'user298@test.test', 'test123'),
(299, 'User', '299', 'user299@test.test', 'test123'),
(300, 'User', '300', 'user300@test.test', 'test123'),
(301, 'User', '301', 'user301@test.test', 'test123'),
(302, 'User', '302', 'user302@test.test', 'test123'),
(303, 'User', '303', 'user303@test.test', 'test123'),
(304, 'User', '304', 'user304@test.test', 'test123'),
(305, 'User', '305', 'user305@test.test', 'test123'),
(306, 'User', '306', 'user306@test.test', 'test123'),
(307, 'User', '307', 'user307@test.test', 'test123'),
(308, 'User', '308', 'user308@test.test', 'test123'),
(309, 'User', '309', 'user309@test.test', 'test123'),
(310, 'User', '310', 'user310@test.test', 'test123'),
(311, 'User', '311', 'user311@test.test', 'test123'),
(312, 'User', '312', 'user312@test.test', 'test123'),
(313, 'User', '313', 'user313@test.test', 'test123'),
(314, 'User', '314', 'user314@test.test', 'test123'),
(315, 'User', '315', 'user315@test.test', 'test123'),
(316, 'User', '316', 'user316@test.test', 'test123'),
(317, 'User', '317', 'user317@test.test', 'test123'),
(318, 'User', '318', 'user318@test.test', 'test123'),
(319, 'User', '319', 'user319@test.test', 'test123'),
(320, 'User', '320', 'user320@test.test', 'test123'),
(321, 'User', '321', 'user321@test.test', 'test123'),
(322, 'User', '322', 'user322@test.test', 'test123'),
(323, 'User', '323', 'user323@test.test', 'test123'),
(324, 'User', '324', 'user324@test.test', 'test123'),
(325, 'User', '325', 'user325@test.test', 'test123'),
(326, 'User', '326', 'user326@test.test', 'test123'),
(327, 'User', '327', 'user327@test.test', 'test123'),
(328, 'User', '328', 'user328@test.test', 'test123'),
(329, 'User', '329', 'user329@test.test', 'test123'),
(330, 'User', '330', 'user330@test.test', 'test123'),
(331, 'User', '331', 'user331@test.test', 'test123'),
(332, 'User', '332', 'user332@test.test', 'test123'),
(333, 'User', '333', 'user333@test.test', 'test123'),
(334, 'User', '334', 'user334@test.test', 'test123'),
(335, 'User', '335', 'user335@test.test', 'test123'),
(336, 'User', '336', 'user336@test.test', 'test123'),
(337, 'User', '337', 'user337@test.test', 'test123'),
(338, 'User', '338', 'user338@test.test', 'test123'),
(339, 'User', '339', 'user339@test.test', 'test123'),
(340, 'User', '340', 'user340@test.test', 'test123'),
(341, 'User', '341', 'user341@test.test', 'test123'),
(342, 'User', '342', 'user342@test.test', 'test123'),
(343, 'User', '343', 'user343@test.test', 'test123'),
(344, 'User', '344', 'user344@test.test', 'test123'),
(345, 'User', '345', 'user345@test.test', 'test123'),
(346, 'User', '346', 'user346@test.test', 'test123'),
(347, 'User', '347', 'user347@test.test', 'test123'),
(348, 'User', '348', 'user348@test.test', 'test123'),
(349, 'User', '349', 'user349@test.test', 'test123'),
(350, 'User', '350', 'user350@test.test', 'test123'),
(351, 'User', '351', 'user351@test.test', 'test123'),
(352, 'User', '352', 'user352@test.test', 'test123'),
(353, 'User', '353', 'user353@test.test', 'test123'),
(354, 'User', '354', 'user354@test.test', 'test123'),
(355, 'User', '355', 'user355@test.test', 'test123'),
(356, 'User', '356', 'user356@test.test', 'test123'),
(357, 'User', '357', 'user357@test.test', 'test123'),
(358, 'User', '358', 'user358@test.test', 'test123'),
(359, 'User', '359', 'user359@test.test', 'test123'),
(360, 'User', '360', 'user360@test.test', 'test123'),
(361, 'User', '361', 'user361@test.test', 'test123'),
(362, 'User', '362', 'user362@test.test', 'test123'),
(363, 'User', '363', 'user363@test.test', 'test123'),
(364, 'User', '364', 'user364@test.test', 'test123'),
(365, 'User', '365', 'user365@test.test', 'test123'),
(366, 'User', '366', 'user366@test.test', 'test123'),
(367, 'User', '367', 'user367@test.test', 'test123'),
(368, 'User', '368', 'user368@test.test', 'test123'),
(369, 'User', '369', 'user369@test.test', 'test123'),
(370, 'User', '370', 'user370@test.test', 'test123'),
(371, 'User', '371', 'user371@test.test', 'test123'),
(372, 'User', '372', 'user372@test.test', 'test123'),
(373, 'User', '373', 'user373@test.test', 'test123'),
(374, 'User', '374', 'user374@test.test', 'test123'),
(375, 'User', '375', 'user375@test.test', 'test123'),
(376, 'User', '376', 'user376@test.test', 'test123'),
(377, 'User', '377', 'user377@test.test', 'test123'),
(378, 'User', '378', 'user378@test.test', 'test123'),
(379, 'User', '379', 'user379@test.test', 'test123'),
(380, 'User', '380', 'user380@test.test', 'test123'),
(381, 'User', '381', 'user381@test.test', 'test123'),
(382, 'User', '382', 'user382@test.test', 'test123'),
(383, 'User', '383', 'user383@test.test', 'test123'),
(384, 'User', '384', 'user384@test.test', 'test123'),
(385, 'User', '385', 'user385@test.test', 'test123'),
(386, 'User', '386', 'user386@test.test', 'test123'),
(387, 'User', '387', 'user387@test.test', 'test123'),
(388, 'User', '388', 'user388@test.test', 'test123'),
(389, 'User', '389', 'user389@test.test', 'test123'),
(390, 'User', '390', 'user390@test.test', 'test123'),
(391, 'User', '391', 'user391@test.test', 'test123'),
(392, 'User', '392', 'user392@test.test', 'test123'),
(393, 'User', '393', 'user393@test.test', 'test123'),
(394, 'User', '394', 'user394@test.test', 'test123'),
(395, 'User', '395', 'user395@test.test', 'test123'),
(396, 'User', '396', 'user396@test.test', 'test123'),
(397, 'User', '397', 'user397@test.test', 'test123'),
(398, 'User', '398', 'user398@test.test', 'test123'),
(399, 'User', '399', 'user399@test.test', 'test123'),
(400, 'User', '400', 'user400@test.test', 'test123'),
(401, 'User', '401', 'user401@test.test', 'test123'),
(402, 'User', '402', 'user402@test.test', 'test123'),
(403, 'User', '403', 'user403@test.test', 'test123'),
(404, 'User', '404', 'user404@test.test', 'test123'),
(405, 'User', '405', 'user405@test.test', 'test123'),
(406, 'User', '406', 'user406@test.test', 'test123'),
(407, 'User', '407', 'user407@test.test', 'test123'),
(408, 'User', '408', 'user408@test.test', 'test123'),
(409, 'User', '409', 'user409@test.test', 'test123'),
(410, 'User', '410', 'user410@test.test', 'test123'),
(411, 'User', '411', 'user411@test.test', 'test123'),
(412, 'User', '412', 'user412@test.test', 'test123'),
(413, 'User', '413', 'user413@test.test', 'test123'),
(414, 'User', '414', 'user414@test.test', 'test123'),
(415, 'User', '415', 'user415@test.test', 'test123'),
(416, 'User', '416', 'user416@test.test', 'test123'),
(417, 'User', '417', 'user417@test.test', 'test123'),
(418, 'User', '418', 'user418@test.test', 'test123'),
(419, 'User', '419', 'user419@test.test', 'test123'),
(420, 'User', '420', 'user420@test.test', 'test123'),
(421, 'User', '421', 'user421@test.test', 'test123'),
(422, 'User', '422', 'user422@test.test', 'test123'),
(423, 'User', '423', 'user423@test.test', 'test123'),
(424, 'User', '424', 'user424@test.test', 'test123'),
(425, 'User', '425', 'user425@test.test', 'test123'),
(426, 'User', '426', 'user426@test.test', 'test123'),
(427, 'User', '427', 'user427@test.test', 'test123'),
(428, 'User', '428', 'user428@test.test', 'test123'),
(429, 'User', '429', 'user429@test.test', 'test123'),
(430, 'User', '430', 'user430@test.test', 'test123'),
(431, 'User', '431', 'user431@test.test', 'test123'),
(432, 'User', '432', 'user432@test.test', 'test123'),
(433, 'User', '433', 'user433@test.test', 'test123'),
(434, 'User', '434', 'user434@test.test', 'test123'),
(435, 'User', '435', 'user435@test.test', 'test123'),
(436, 'User', '436', 'user436@test.test', 'test123'),
(437, 'User', '437', 'user437@test.test', 'test123'),
(438, 'User', '438', 'user438@test.test', 'test123'),
(439, 'User', '439', 'user439@test.test', 'test123'),
(440, 'User', '440', 'user440@test.test', 'test123'),
(441, 'User', '441', 'user441@test.test', 'test123'),
(442, 'User', '442', 'user442@test.test', 'test123'),
(443, 'User', '443', 'user443@test.test', 'test123'),
(444, 'User', '444', 'user444@test.test', 'test123'),
(445, 'User', '445', 'user445@test.test', 'test123'),
(446, 'User', '446', 'user446@test.test', 'test123'),
(447, 'User', '447', 'user447@test.test', 'test123'),
(448, 'User', '448', 'user448@test.test', 'test123'),
(449, 'User', '449', 'user449@test.test', 'test123'),
(450, 'User', '450', 'user450@test.test', 'test123'),
(451, 'User', '451', 'user451@test.test', 'test123'),
(452, 'User', '452', 'user452@test.test', 'test123'),
(453, 'User', '453', 'user453@test.test', 'test123'),
(454, 'User', '454', 'user454@test.test', 'test123'),
(455, 'User', '455', 'user455@test.test', 'test123'),
(456, 'User', '456', 'user456@test.test', 'test123'),
(457, 'User', '457', 'user457@test.test', 'test123'),
(458, 'User', '458', 'user458@test.test', 'test123'),
(459, 'User', '459', 'user459@test.test', 'test123'),
(460, 'User', '460', 'user460@test.test', 'test123'),
(461, 'User', '461', 'user461@test.test', 'test123'),
(462, 'User', '462', 'user462@test.test', 'test123'),
(463, 'User', '463', 'user463@test.test', 'test123'),
(464, 'User', '464', 'user464@test.test', 'test123'),
(465, 'User', '465', 'user465@test.test', 'test123'),
(466, 'User', '466', 'user466@test.test', 'test123'),
(467, 'User', '467', 'user467@test.test', 'test123'),
(468, 'User', '468', 'user468@test.test', 'test123'),
(469, 'User', '469', 'user469@test.test', 'test123'),
(470, 'User', '470', 'user470@test.test', 'test123'),
(471, 'User', '471', 'user471@test.test', 'test123'),
(472, 'User', '472', 'user472@test.test', 'test123'),
(473, 'User', '473', 'user473@test.test', 'test123'),
(474, 'User', '474', 'user474@test.test', 'test123'),
(475, 'User', '475', 'user475@test.test', 'test123'),
(476, 'User', '476', 'user476@test.test', 'test123'),
(477, 'User', '477', 'user477@test.test', 'test123'),
(478, 'User', '478', 'user478@test.test', 'test123'),
(479, 'User', '479', 'user479@test.test', 'test123'),
(480, 'User', '480', 'user480@test.test', 'test123'),
(481, 'User', '481', 'user481@test.test', 'test123'),
(482, 'User', '482', 'user482@test.test', 'test123'),
(483, 'User', '483', 'user483@test.test', 'test123'),
(484, 'User', '484', 'user484@test.test', 'test123'),
(485, 'User', '485', 'user485@test.test', 'test123'),
(486, 'User', '486', 'user486@test.test', 'test123'),
(487, 'User', '487', 'user487@test.test', 'test123'),
(488, 'User', '488', 'user488@test.test', 'test123'),
(489, 'User', '489', 'user489@test.test', 'test123'),
(490, 'User', '490', 'user490@test.test', 'test123'),
(491, 'User', '491', 'user491@test.test', 'test123'),
(492, 'User', '492', 'user492@test.test', 'test123'),
(493, 'User', '493', 'user493@test.test', 'test123'),
(494, 'User', '494', 'user494@test.test', 'test123'),
(495, 'User', '495', 'user495@test.test', 'test123'),
(496, 'User', '496', 'user496@test.test', 'test123'),
(497, 'User', '497', 'user497@test.test', 'test123'),
(498, 'User', '498', 'user498@test.test', 'test123'),
(499, 'User', '499', 'user499@test.test', 'test123'),
(500, 'User', '500', 'user500@test.test', 'test123'),
(501, 'User', '501', 'user501@test.test', 'test123'),
(502, 'User', '502', 'user502@test.test', 'test123'),
(503, 'User', '503', 'user503@test.test', 'test123'),
(504, 'User', '504', 'user504@test.test', 'test123'),
(505, 'User', '505', 'user505@test.test', 'test123'),
(506, 'User', '506', 'user506@test.test', 'test123'),
(507, 'User', '507', 'user507@test.test', 'test123'),
(508, 'User', '508', 'user508@test.test', 'test123'),
(509, 'User', '509', 'user509@test.test', 'test123'),
(510, 'User', '510', 'user510@test.test', 'test123'),
(511, 'User', '511', 'user511@test.test', 'test123'),
(512, 'User', '512', 'user512@test.test', 'test123'),
(513, 'User', '513', 'user513@test.test', 'test123'),
(514, 'User', '514', 'user514@test.test', 'test123'),
(515, 'User', '515', 'user515@test.test', 'test123'),
(516, 'User', '516', 'user516@test.test', 'test123'),
(517, 'User', '517', 'user517@test.test', 'test123'),
(518, 'User', '518', 'user518@test.test', 'test123'),
(519, 'User', '519', 'user519@test.test', 'test123'),
(520, 'User', '520', 'user520@test.test', 'test123'),
(521, 'User', '521', 'user521@test.test', 'test123'),
(522, 'User', '522', 'user522@test.test', 'test123'),
(523, 'User', '523', 'user523@test.test', 'test123'),
(524, 'User', '524', 'user524@test.test', 'test123'),
(525, 'User', '525', 'user525@test.test', 'test123'),
(526, 'User', '526', 'user526@test.test', 'test123'),
(527, 'User', '527', 'user527@test.test', 'test123'),
(528, 'User', '528', 'user528@test.test', 'test123'),
(529, 'User', '529', 'user529@test.test', 'test123'),
(530, 'User', '530', 'user530@test.test', 'test123'),
(531, 'User', '531', 'user531@test.test', 'test123'),
(532, 'User', '532', 'user532@test.test', 'test123'),
(533, 'User', '533', 'user533@test.test', 'test123'),
(534, 'User', '534', 'user534@test.test', 'test123'),
(535, 'User', '535', 'user535@test.test', 'test123'),
(536, 'User', '536', 'user536@test.test', 'test123'),
(537, 'User', '537', 'user537@test.test', 'test123'),
(538, 'User', '538', 'user538@test.test', 'test123'),
(539, 'User', '539', 'user539@test.test', 'test123'),
(540, 'User', '540', 'user540@test.test', 'test123'),
(541, 'User', '541', 'user541@test.test', 'test123'),
(542, 'User', '542', 'user542@test.test', 'test123'),
(543, 'User', '543', 'user543@test.test', 'test123'),
(544, 'User', '544', 'user544@test.test', 'test123'),
(545, 'User', '545', 'user545@test.test', 'test123'),
(546, 'User', '546', 'user546@test.test', 'test123'),
(547, 'User', '547', 'user547@test.test', 'test123'),
(548, 'User', '548', 'user548@test.test', 'test123'),
(549, 'User', '549', 'user549@test.test', 'test123'),
(550, 'User', '550', 'user550@test.test', 'test123'),
(551, 'User', '551', 'user551@test.test', 'test123'),
(552, 'User', '552', 'user552@test.test', 'test123'),
(553, 'User', '553', 'user553@test.test', 'test123'),
(554, 'User', '554', 'user554@test.test', 'test123'),
(555, 'User', '555', 'user555@test.test', 'test123'),
(556, 'User', '556', 'user556@test.test', 'test123'),
(557, 'User', '557', 'user557@test.test', 'test123'),
(558, 'User', '558', 'user558@test.test', 'test123'),
(559, 'User', '559', 'user559@test.test', 'test123'),
(560, 'User', '560', 'user560@test.test', 'test123'),
(561, 'User', '561', 'user561@test.test', 'test123'),
(562, 'User', '562', 'user562@test.test', 'test123'),
(563, 'User', '563', 'user563@test.test', 'test123'),
(564, 'User', '564', 'user564@test.test', 'test123'),
(565, 'User', '565', 'user565@test.test', 'test123'),
(566, 'User', '566', 'user566@test.test', 'test123'),
(567, 'User', '567', 'user567@test.test', 'test123'),
(568, 'User', '568', 'user568@test.test', 'test123'),
(569, 'User', '569', 'user569@test.test', 'test123'),
(570, 'User', '570', 'user570@test.test', 'test123'),
(571, 'User', '571', 'user571@test.test', 'test123'),
(572, 'User', '572', 'user572@test.test', 'test123'),
(573, 'User', '573', 'user573@test.test', 'test123'),
(574, 'User', '574', 'user574@test.test', 'test123'),
(575, 'User', '575', 'user575@test.test', 'test123'),
(576, 'User', '576', 'user576@test.test', 'test123'),
(577, 'User', '577', 'user577@test.test', 'test123'),
(578, 'User', '578', 'user578@test.test', 'test123'),
(579, 'User', '579', 'user579@test.test', 'test123'),
(580, 'User', '580', 'user580@test.test', 'test123'),
(581, 'User', '581', 'user581@test.test', 'test123'),
(582, 'User', '582', 'user582@test.test', 'test123'),
(583, 'User', '583', 'user583@test.test', 'test123'),
(584, 'User', '584', 'user584@test.test', 'test123'),
(585, 'User', '585', 'user585@test.test', 'test123'),
(586, 'User', '586', 'user586@test.test', 'test123'),
(587, 'User', '587', 'user587@test.test', 'test123'),
(588, 'User', '588', 'user588@test.test', 'test123'),
(589, 'User', '589', 'user589@test.test', 'test123'),
(590, 'User', '590', 'user590@test.test', 'test123'),
(591, 'User', '591', 'user591@test.test', 'test123'),
(592, 'User', '592', 'user592@test.test', 'test123'),
(593, 'User', '593', 'user593@test.test', 'test123'),
(594, 'User', '594', 'user594@test.test', 'test123'),
(595, 'User', '595', 'user595@test.test', 'test123'),
(596, 'User', '596', 'user596@test.test', 'test123'),
(597, 'User', '597', 'user597@test.test', 'test123'),
(598, 'User', '598', 'user598@test.test', 'test123'),
(599, 'User', '599', 'user599@test.test', 'test123'),
(600, 'User', '600', 'user600@test.test', 'test123'),
(601, 'User', '601', 'user601@test.test', 'test123'),
(602, 'User', '602', 'user602@test.test', 'test123'),
(603, 'User', '603', 'user603@test.test', 'test123'),
(604, 'User', '604', 'user604@test.test', 'test123'),
(605, 'User', '605', 'user605@test.test', 'test123'),
(606, 'User', '606', 'user606@test.test', 'test123'),
(607, 'User', '607', 'user607@test.test', 'test123'),
(608, 'User', '608', 'user608@test.test', 'test123'),
(609, 'User', '609', 'user609@test.test', 'test123'),
(610, 'User', '610', 'user610@test.test', 'test123'),
(611, 'User', '611', 'user611@test.test', 'test123'),
(612, 'User', '612', 'user612@test.test', 'test123'),
(613, 'User', '613', 'user613@test.test', 'test123'),
(614, 'User', '614', 'user614@test.test', 'test123'),
(615, 'User', '615', 'user615@test.test', 'test123'),
(616, 'User', '616', 'user616@test.test', 'test123'),
(617, 'User', '617', 'user617@test.test', 'test123'),
(618, 'User', '618', 'user618@test.test', 'test123'),
(619, 'User', '619', 'user619@test.test', 'test123'),
(620, 'User', '620', 'user620@test.test', 'test123'),
(621, 'User', '621', 'user621@test.test', 'test123'),
(622, 'User', '622', 'user622@test.test', 'test123'),
(623, 'User', '623', 'user623@test.test', 'test123'),
(624, 'User', '624', 'user624@test.test', 'test123'),
(625, 'User', '625', 'user625@test.test', 'test123'),
(626, 'User', '626', 'user626@test.test', 'test123'),
(627, 'User', '627', 'user627@test.test', 'test123'),
(628, 'User', '628', 'user628@test.test', 'test123'),
(629, 'User', '629', 'user629@test.test', 'test123'),
(630, 'User', '630', 'user630@test.test', 'test123'),
(631, 'User', '631', 'user631@test.test', 'test123'),
(632, 'User', '632', 'user632@test.test', 'test123'),
(633, 'User', '633', 'user633@test.test', 'test123'),
(634, 'User', '634', 'user634@test.test', 'test123'),
(635, 'User', '635', 'user635@test.test', 'test123'),
(636, 'User', '636', 'user636@test.test', 'test123'),
(637, 'User', '637', 'user637@test.test', 'test123'),
(638, 'User', '638', 'user638@test.test', 'test123'),
(639, 'User', '639', 'user639@test.test', 'test123'),
(640, 'User', '640', 'user640@test.test', 'test123'),
(641, 'User', '641', 'user641@test.test', 'test123'),
(642, 'User', '642', 'user642@test.test', 'test123'),
(643, 'User', '643', 'user643@test.test', 'test123'),
(644, 'User', '644', 'user644@test.test', 'test123'),
(645, 'User', '645', 'user645@test.test', 'test123'),
(646, 'User', '646', 'user646@test.test', 'test123'),
(647, 'User', '647', 'user647@test.test', 'test123'),
(648, 'User', '648', 'user648@test.test', 'test123'),
(649, 'User', '649', 'user649@test.test', 'test123'),
(650, 'User', '650', 'user650@test.test', 'test123'),
(651, 'User', '651', 'user651@test.test', 'test123'),
(652, 'User', '652', 'user652@test.test', 'test123'),
(653, 'User', '653', 'user653@test.test', 'test123'),
(654, 'User', '654', 'user654@test.test', 'test123'),
(655, 'User', '655', 'user655@test.test', 'test123'),
(656, 'User', '656', 'user656@test.test', 'test123'),
(657, 'User', '657', 'user657@test.test', 'test123'),
(658, 'User', '658', 'user658@test.test', 'test123'),
(659, 'User', '659', 'user659@test.test', 'test123'),
(660, 'User', '660', 'user660@test.test', 'test123'),
(661, 'User', '661', 'user661@test.test', 'test123'),
(662, 'User', '662', 'user662@test.test', 'test123'),
(663, 'User', '663', 'user663@test.test', 'test123'),
(664, 'User', '664', 'user664@test.test', 'test123'),
(665, 'User', '665', 'user665@test.test', 'test123'),
(666, 'User', '666', 'user666@test.test', 'test123'),
(667, 'User', '667', 'user667@test.test', 'test123'),
(668, 'User', '668', 'user668@test.test', 'test123'),
(669, 'User', '669', 'user669@test.test', 'test123'),
(670, 'User', '670', 'user670@test.test', 'test123'),
(671, 'User', '671', 'user671@test.test', 'test123'),
(672, 'User', '672', 'user672@test.test', 'test123'),
(673, 'User', '673', 'user673@test.test', 'test123'),
(674, 'User', '674', 'user674@test.test', 'test123'),
(675, 'User', '675', 'user675@test.test', 'test123'),
(676, 'User', '676', 'user676@test.test', 'test123'),
(677, 'User', '677', 'user677@test.test', 'test123'),
(678, 'User', '678', 'user678@test.test', 'test123'),
(679, 'User', '679', 'user679@test.test', 'test123'),
(680, 'User', '680', 'user680@test.test', 'test123'),
(681, 'User', '681', 'user681@test.test', 'test123'),
(682, 'User', '682', 'user682@test.test', 'test123'),
(683, 'User', '683', 'user683@test.test', 'test123'),
(684, 'User', '684', 'user684@test.test', 'test123'),
(685, 'User', '685', 'user685@test.test', 'test123'),
(686, 'User', '686', 'user686@test.test', 'test123'),
(687, 'User', '687', 'user687@test.test', 'test123'),
(688, 'User', '688', 'user688@test.test', 'test123'),
(689, 'User', '689', 'user689@test.test', 'test123'),
(690, 'User', '690', 'user690@test.test', 'test123'),
(691, 'User', '691', 'user691@test.test', 'test123'),
(692, 'User', '692', 'user692@test.test', 'test123'),
(693, 'User', '693', 'user693@test.test', 'test123'),
(694, 'User', '694', 'user694@test.test', 'test123'),
(695, 'User', '695', 'user695@test.test', 'test123'),
(696, 'User', '696', 'user696@test.test', 'test123'),
(697, 'User', '697', 'user697@test.test', 'test123'),
(698, 'User', '698', 'user698@test.test', 'test123'),
(699, 'User', '699', 'user699@test.test', 'test123'),
(700, 'User', '700', 'user700@test.test', 'test123'),
(701, 'User', '701', 'user701@test.test', 'test123'),
(702, 'User', '702', 'user702@test.test', 'test123'),
(703, 'User', '703', 'user703@test.test', 'test123'),
(704, 'User', '704', 'user704@test.test', 'test123'),
(705, 'User', '705', 'user705@test.test', 'test123'),
(706, 'User', '706', 'user706@test.test', 'test123'),
(707, 'User', '707', 'user707@test.test', 'test123'),
(708, 'User', '708', 'user708@test.test', 'test123'),
(709, 'User', '709', 'user709@test.test', 'test123'),
(710, 'User', '710', 'user710@test.test', 'test123'),
(711, 'User', '711', 'user711@test.test', 'test123'),
(712, 'User', '712', 'user712@test.test', 'test123'),
(713, 'User', '713', 'user713@test.test', 'test123'),
(714, 'User', '714', 'user714@test.test', 'test123'),
(715, 'User', '715', 'user715@test.test', 'test123'),
(716, 'User', '716', 'user716@test.test', 'test123'),
(717, 'User', '717', 'user717@test.test', 'test123'),
(718, 'User', '718', 'user718@test.test', 'test123'),
(719, 'User', '719', 'user719@test.test', 'test123'),
(720, 'User', '720', 'user720@test.test', 'test123'),
(721, 'User', '721', 'user721@test.test', 'test123'),
(722, 'User', '722', 'user722@test.test', 'test123'),
(723, 'User', '723', 'user723@test.test', 'test123'),
(724, 'User', '724', 'user724@test.test', 'test123'),
(725, 'User', '725', 'user725@test.test', 'test123'),
(726, 'User', '726', 'user726@test.test', 'test123'),
(727, 'User', '727', 'user727@test.test', 'test123'),
(728, 'User', '728', 'user728@test.test', 'test123'),
(729, 'User', '729', 'user729@test.test', 'test123'),
(730, 'User', '730', 'user730@test.test', 'test123'),
(731, 'User', '731', 'user731@test.test', 'test123'),
(732, 'User', '732', 'user732@test.test', 'test123'),
(733, 'User', '733', 'user733@test.test', 'test123'),
(734, 'User', '734', 'user734@test.test', 'test123'),
(735, 'User', '735', 'user735@test.test', 'test123'),
(736, 'User', '736', 'user736@test.test', 'test123'),
(737, 'User', '737', 'user737@test.test', 'test123'),
(738, 'User', '738', 'user738@test.test', 'test123'),
(739, 'User', '739', 'user739@test.test', 'test123'),
(740, 'User', '740', 'user740@test.test', 'test123'),
(741, 'User', '741', 'user741@test.test', 'test123'),
(742, 'User', '742', 'user742@test.test', 'test123'),
(743, 'User', '743', 'user743@test.test', 'test123'),
(744, 'User', '744', 'user744@test.test', 'test123'),
(745, 'User', '745', 'user745@test.test', 'test123'),
(746, 'User', '746', 'user746@test.test', 'test123'),
(747, 'User', '747', 'user747@test.test', 'test123'),
(748, 'User', '748', 'user748@test.test', 'test123'),
(749, 'User', '749', 'user749@test.test', 'test123'),
(750, 'User', '750', 'user750@test.test', 'test123'),
(751, 'User', '751', 'user751@test.test', 'test123'),
(752, 'User', '752', 'user752@test.test', 'test123'),
(753, 'User', '753', 'user753@test.test', 'test123'),
(754, 'User', '754', 'user754@test.test', 'test123'),
(755, 'User', '755', 'user755@test.test', 'test123'),
(756, 'User', '756', 'user756@test.test', 'test123'),
(757, 'User', '757', 'user757@test.test', 'test123'),
(758, 'User', '758', 'user758@test.test', 'test123'),
(759, 'User', '759', 'user759@test.test', 'test123'),
(760, 'User', '760', 'user760@test.test', 'test123'),
(761, 'User', '761', 'user761@test.test', 'test123'),
(762, 'User', '762', 'user762@test.test', 'test123'),
(763, 'User', '763', 'user763@test.test', 'test123'),
(764, 'User', '764', 'user764@test.test', 'test123'),
(765, 'User', '765', 'user765@test.test', 'test123'),
(766, 'User', '766', 'user766@test.test', 'test123'),
(767, 'User', '767', 'user767@test.test', 'test123'),
(768, 'User', '768', 'user768@test.test', 'test123'),
(769, 'User', '769', 'user769@test.test', 'test123'),
(770, 'User', '770', 'user770@test.test', 'test123'),
(771, 'User', '771', 'user771@test.test', 'test123'),
(772, 'User', '772', 'user772@test.test', 'test123'),
(773, 'User', '773', 'user773@test.test', 'test123'),
(774, 'User', '774', 'user774@test.test', 'test123'),
(775, 'User', '775', 'user775@test.test', 'test123'),
(776, 'User', '776', 'user776@test.test', 'test123'),
(777, 'User', '777', 'user777@test.test', 'test123'),
(778, 'User', '778', 'user778@test.test', 'test123'),
(779, 'User', '779', 'user779@test.test', 'test123'),
(780, 'User', '780', 'user780@test.test', 'test123'),
(781, 'User', '781', 'user781@test.test', 'test123'),
(782, 'User', '782', 'user782@test.test', 'test123'),
(783, 'User', '783', 'user783@test.test', 'test123'),
(784, 'User', '784', 'user784@test.test', 'test123'),
(785, 'User', '785', 'user785@test.test', 'test123'),
(786, 'User', '786', 'user786@test.test', 'test123'),
(787, 'User', '787', 'user787@test.test', 'test123'),
(788, 'User', '788', 'user788@test.test', 'test123'),
(789, 'User', '789', 'user789@test.test', 'test123'),
(790, 'User', '790', 'user790@test.test', 'test123'),
(791, 'User', '791', 'user791@test.test', 'test123'),
(792, 'User', '792', 'user792@test.test', 'test123'),
(793, 'User', '793', 'user793@test.test', 'test123'),
(794, 'User', '794', 'user794@test.test', 'test123'),
(795, 'User', '795', 'user795@test.test', 'test123'),
(796, 'User', '796', 'user796@test.test', 'test123'),
(797, 'User', '797', 'user797@test.test', 'test123'),
(798, 'User', '798', 'user798@test.test', 'test123'),
(799, 'User', '799', 'user799@test.test', 'test123'),
(800, 'User', '800', 'user800@test.test', 'test123'),
(801, 'User', '801', 'user801@test.test', 'test123'),
(802, 'User', '802', 'user802@test.test', 'test123'),
(803, 'User', '803', 'user803@test.test', 'test123'),
(804, 'User', '804', 'user804@test.test', 'test123'),
(805, 'User', '805', 'user805@test.test', 'test123'),
(806, 'User', '806', 'user806@test.test', 'test123'),
(807, 'User', '807', 'user807@test.test', 'test123'),
(808, 'User', '808', 'user808@test.test', 'test123'),
(809, 'User', '809', 'user809@test.test', 'test123'),
(810, 'User', '810', 'user810@test.test', 'test123'),
(811, 'User', '811', 'user811@test.test', 'test123'),
(812, 'User', '812', 'user812@test.test', 'test123'),
(813, 'User', '813', 'user813@test.test', 'test123'),
(814, 'User', '814', 'user814@test.test', 'test123'),
(815, 'User', '815', 'user815@test.test', 'test123'),
(816, 'User', '816', 'user816@test.test', 'test123'),
(817, 'User', '817', 'user817@test.test', 'test123'),
(818, 'User', '818', 'user818@test.test', 'test123'),
(819, 'User', '819', 'user819@test.test', 'test123'),
(820, 'User', '820', 'user820@test.test', 'test123'),
(821, 'User', '821', 'user821@test.test', 'test123'),
(822, 'User', '822', 'user822@test.test', 'test123'),
(823, 'User', '823', 'user823@test.test', 'test123'),
(824, 'User', '824', 'user824@test.test', 'test123'),
(825, 'User', '825', 'user825@test.test', 'test123'),
(826, 'User', '826', 'user826@test.test', 'test123'),
(827, 'User', '827', 'user827@test.test', 'test123'),
(828, 'User', '828', 'user828@test.test', 'test123'),
(829, 'User', '829', 'user829@test.test', 'test123'),
(830, 'User', '830', 'user830@test.test', 'test123'),
(831, 'User', '831', 'user831@test.test', 'test123'),
(832, 'User', '832', 'user832@test.test', 'test123'),
(833, 'User', '833', 'user833@test.test', 'test123'),
(834, 'User', '834', 'user834@test.test', 'test123'),
(835, 'User', '835', 'user835@test.test', 'test123'),
(836, 'User', '836', 'user836@test.test', 'test123'),
(837, 'User', '837', 'user837@test.test', 'test123'),
(838, 'User', '838', 'user838@test.test', 'test123'),
(839, 'User', '839', 'user839@test.test', 'test123'),
(840, 'User', '840', 'user840@test.test', 'test123'),
(841, 'User', '841', 'user841@test.test', 'test123'),
(842, 'User', '842', 'user842@test.test', 'test123'),
(843, 'User', '843', 'user843@test.test', 'test123'),
(844, 'User', '844', 'user844@test.test', 'test123'),
(845, 'User', '845', 'user845@test.test', 'test123'),
(846, 'User', '846', 'user846@test.test', 'test123'),
(847, 'User', '847', 'user847@test.test', 'test123'),
(848, 'User', '848', 'user848@test.test', 'test123'),
(849, 'User', '849', 'user849@test.test', 'test123'),
(850, 'User', '850', 'user850@test.test', 'test123'),
(851, 'User', '851', 'user851@test.test', 'test123'),
(852, 'User', '852', 'user852@test.test', 'test123'),
(853, 'User', '853', 'user853@test.test', 'test123'),
(854, 'User', '854', 'user854@test.test', 'test123'),
(855, 'User', '855', 'user855@test.test', 'test123'),
(856, 'User', '856', 'user856@test.test', 'test123'),
(857, 'User', '857', 'user857@test.test', 'test123'),
(858, 'User', '858', 'user858@test.test', 'test123'),
(859, 'User', '859', 'user859@test.test', 'test123'),
(860, 'User', '860', 'user860@test.test', 'test123'),
(861, 'User', '861', 'user861@test.test', 'test123'),
(862, 'User', '862', 'user862@test.test', 'test123'),
(863, 'User', '863', 'user863@test.test', 'test123'),
(864, 'User', '864', 'user864@test.test', 'test123'),
(865, 'User', '865', 'user865@test.test', 'test123'),
(866, 'User', '866', 'user866@test.test', 'test123'),
(867, 'User', '867', 'user867@test.test', 'test123'),
(868, 'User', '868', 'user868@test.test', 'test123'),
(869, 'User', '869', 'user869@test.test', 'test123'),
(870, 'User', '870', 'user870@test.test', 'test123'),
(871, 'User', '871', 'user871@test.test', 'test123'),
(872, 'User', '872', 'user872@test.test', 'test123'),
(873, 'User', '873', 'user873@test.test', 'test123'),
(874, 'User', '874', 'user874@test.test', 'test123'),
(875, 'User', '875', 'user875@test.test', 'test123'),
(876, 'User', '876', 'user876@test.test', 'test123'),
(877, 'User', '877', 'user877@test.test', 'test123'),
(878, 'User', '878', 'user878@test.test', 'test123'),
(879, 'User', '879', 'user879@test.test', 'test123'),
(880, 'User', '880', 'user880@test.test', 'test123'),
(881, 'User', '881', 'user881@test.test', 'test123'),
(882, 'User', '882', 'user882@test.test', 'test123'),
(883, 'User', '883', 'user883@test.test', 'test123'),
(884, 'User', '884', 'user884@test.test', 'test123'),
(885, 'User', '885', 'user885@test.test', 'test123'),
(886, 'User', '886', 'user886@test.test', 'test123'),
(887, 'User', '887', 'user887@test.test', 'test123'),
(888, 'User', '888', 'user888@test.test', 'test123'),
(889, 'User', '889', 'user889@test.test', 'test123'),
(890, 'User', '890', 'user890@test.test', 'test123'),
(891, 'User', '891', 'user891@test.test', 'test123'),
(892, 'User', '892', 'user892@test.test', 'test123'),
(893, 'User', '893', 'user893@test.test', 'test123'),
(894, 'User', '894', 'user894@test.test', 'test123'),
(895, 'User', '895', 'user895@test.test', 'test123'),
(896, 'User', '896', 'user896@test.test', 'test123'),
(897, 'User', '897', 'user897@test.test', 'test123'),
(898, 'User', '898', 'user898@test.test', 'test123'),
(899, 'User', '899', 'user899@test.test', 'test123'),
(900, 'User', '900', 'user900@test.test', 'test123'),
(901, 'User', '901', 'user901@test.test', 'test123'),
(902, 'User', '902', 'user902@test.test', 'test123'),
(903, 'User', '903', 'user903@test.test', 'test123'),
(904, 'User', '904', 'user904@test.test', 'test123'),
(905, 'User', '905', 'user905@test.test', 'test123'),
(906, 'User', '906', 'user906@test.test', 'test123'),
(907, 'User', '907', 'user907@test.test', 'test123'),
(908, 'User', '908', 'user908@test.test', 'test123'),
(909, 'User', '909', 'user909@test.test', 'test123'),
(910, 'User', '910', 'user910@test.test', 'test123'),
(911, 'User', '911', 'user911@test.test', 'test123'),
(912, 'User', '912', 'user912@test.test', 'test123'),
(913, 'User', '913', 'user913@test.test', 'test123'),
(914, 'User', '914', 'user914@test.test', 'test123'),
(915, 'User', '915', 'user915@test.test', 'test123'),
(916, 'User', '916', 'user916@test.test', 'test123'),
(917, 'User', '917', 'user917@test.test', 'test123'),
(918, 'User', '918', 'user918@test.test', 'test123'),
(919, 'User', '919', 'user919@test.test', 'test123'),
(920, 'User', '920', 'user920@test.test', 'test123'),
(921, 'User', '921', 'user921@test.test', 'test123'),
(922, 'User', '922', 'user922@test.test', 'test123'),
(923, 'User', '923', 'user923@test.test', 'test123'),
(924, 'User', '924', 'user924@test.test', 'test123'),
(925, 'User', '925', 'user925@test.test', 'test123'),
(926, 'User', '926', 'user926@test.test', 'test123'),
(927, 'User', '927', 'user927@test.test', 'test123'),
(928, 'User', '928', 'user928@test.test', 'test123'),
(929, 'User', '929', 'user929@test.test', 'test123'),
(930, 'User', '930', 'user930@test.test', 'test123'),
(931, 'User', '931', 'user931@test.test', 'test123'),
(932, 'User', '932', 'user932@test.test', 'test123'),
(933, 'User', '933', 'user933@test.test', 'test123'),
(934, 'User', '934', 'user934@test.test', 'test123'),
(935, 'User', '935', 'user935@test.test', 'test123'),
(936, 'User', '936', 'user936@test.test', 'test123'),
(937, 'User', '937', 'user937@test.test', 'test123'),
(938, 'User', '938', 'user938@test.test', 'test123'),
(939, 'User', '939', 'user939@test.test', 'test123'),
(940, 'User', '940', 'user940@test.test', 'test123'),
(941, 'User', '941', 'user941@test.test', 'test123'),
(942, 'User', '942', 'user942@test.test', 'test123'),
(943, 'User', '943', 'user943@test.test', 'test123'),
(944, 'User', '944', 'user944@test.test', 'test123'),
(945, 'User', '945', 'user945@test.test', 'test123'),
(946, 'User', '946', 'user946@test.test', 'test123'),
(947, 'User', '947', 'user947@test.test', 'test123'),
(948, 'User', '948', 'user948@test.test', 'test123'),
(949, 'User', '949', 'user949@test.test', 'test123'),
(950, 'User', '950', 'user950@test.test', 'test123'),
(951, 'User', '951', 'user951@test.test', 'test123'),
(952, 'User', '952', 'user952@test.test', 'test123'),
(953, 'User', '953', 'user953@test.test', 'test123'),
(954, 'User', '954', 'user954@test.test', 'test123'),
(955, 'User', '955', 'user955@test.test', 'test123'),
(956, 'User', '956', 'user956@test.test', 'test123'),
(957, 'User', '957', 'user957@test.test', 'test123'),
(958, 'User', '958', 'user958@test.test', 'test123'),
(959, 'User', '959', 'user959@test.test', 'test123'),
(960, 'User', '960', 'user960@test.test', 'test123'),
(961, 'User', '961', 'user961@test.test', 'test123'),
(962, 'User', '962', 'user962@test.test', 'test123'),
(963, 'User', '963', 'user963@test.test', 'test123'),
(964, 'User', '964', 'user964@test.test', 'test123'),
(965, 'User', '965', 'user965@test.test', 'test123'),
(966, 'User', '966', 'user966@test.test', 'test123');
INSERT INTO `users` (`id`, `firstname`, `lastname`, `email`, `password`) VALUES
(967, 'User', '967', 'user967@test.test', 'test123'),
(968, 'User', '968', 'user968@test.test', 'test123'),
(969, 'User', '969', 'user969@test.test', 'test123'),
(970, 'User', '970', 'user970@test.test', 'test123'),
(971, 'User', '971', 'user971@test.test', 'test123'),
(972, 'User', '972', 'user972@test.test', 'test123'),
(973, 'User', '973', 'user973@test.test', 'test123'),
(974, 'User', '974', 'user974@test.test', 'test123'),
(975, 'User', '975', 'user975@test.test', 'test123'),
(976, 'User', '976', 'user976@test.test', 'test123'),
(977, 'User', '977', 'user977@test.test', 'test123'),
(978, 'User', '978', 'user978@test.test', 'test123'),
(979, 'User', '979', 'user979@test.test', 'test123'),
(980, 'User', '980', 'user980@test.test', 'test123'),
(981, 'User', '981', 'user981@test.test', 'test123'),
(982, 'User', '982', 'user982@test.test', 'test123'),
(983, 'User', '983', 'user983@test.test', 'test123'),
(984, 'User', '984', 'user984@test.test', 'test123'),
(985, 'User', '985', 'user985@test.test', 'test123'),
(986, 'User', '986', 'user986@test.test', 'test123'),
(987, 'User', '987', 'user987@test.test', 'test123'),
(988, 'User', '988', 'user988@test.test', 'test123'),
(989, 'User', '989', 'user989@test.test', 'test123'),
(990, 'User', '990', 'user990@test.test', 'test123'),
(991, 'User', '991', 'user991@test.test', 'test123'),
(992, 'User', '992', 'user992@test.test', 'test123'),
(993, 'User', '993', 'user993@test.test', 'test123'),
(994, 'User', '994', 'user994@test.test', 'test123'),
(995, 'User', '995', 'user995@test.test', 'test123'),
(996, 'User', '996', 'user996@test.test', 'test123'),
(997, 'User', '997', 'user997@test.test', 'test123'),
(998, 'User', '998', 'user998@test.test', 'test123'),
(999, 'User', '999', 'user999@test.test', 'test123'),
(1000, 'User', '1000', 'user1000@test.test', 'test123');

--
-- Indexes for dumped tables
--

--
-- Indexes for table `lists`
--
ALTER TABLE `lists`
  ADD PRIMARY KEY (`id`),
  ADD KEY `created_by` (`created_by`);

--
-- Indexes for table `participants`
--
ALTER TABLE `participants`
  ADD PRIMARY KEY (`list_id`,`user_id`),
  ADD KEY `user_id` (`user_id`);

--
-- Indexes for table `tasks`
--
ALTER TABLE `tasks`
  ADD PRIMARY KEY (`id`),
  ADD KEY `user_in_charge` (`user_in_charge`),
  ADD KEY `list_id` (`list_id`);

--
-- Indexes for table `users`
--
ALTER TABLE `users`
  ADD PRIMARY KEY (`id`);

--
-- AUTO_INCREMENT for dumped tables
--

--
-- AUTO_INCREMENT for table `lists`
--
ALTER TABLE `lists`
  MODIFY `id` int UNSIGNED NOT NULL AUTO_INCREMENT, AUTO_INCREMENT=4;

--
-- AUTO_INCREMENT for table `tasks`
--
ALTER TABLE `tasks`
  MODIFY `id` int UNSIGNED NOT NULL AUTO_INCREMENT;

--
-- AUTO_INCREMENT for table `users`
--
ALTER TABLE `users`
  MODIFY `id` int UNSIGNED NOT NULL AUTO_INCREMENT, AUTO_INCREMENT=1001;

--
-- Constraints for dumped tables
--

--
-- Constraints for table `lists`
--
ALTER TABLE `lists`
  ADD CONSTRAINT `lists_ibfk_1` FOREIGN KEY (`created_by`) REFERENCES `users` (`id`);

--
-- Constraints for table `participants`
--
ALTER TABLE `participants`
  ADD CONSTRAINT `participants_ibfk_1` FOREIGN KEY (`list_id`) REFERENCES `lists` (`id`),
  ADD CONSTRAINT `participants_ibfk_2` FOREIGN KEY (`user_id`) REFERENCES `users` (`id`);

--
-- Constraints for table `tasks`
--
ALTER TABLE `tasks`
  ADD CONSTRAINT `tasks_ibfk_1` FOREIGN KEY (`user_in_charge`) REFERENCES `users` (`id`),
  ADD CONSTRAINT `tasks_ibfk_2` FOREIGN KEY (`list_id`) REFERENCES `lists` (`id`);
COMMIT;

/*!40101 SET CHARACTER_SET_CLIENT=@OLD_CHARACTER_SET_CLIENT */;
/*!40101 SET CHARACTER_SET_RESULTS=@OLD_CHARACTER_SET_RESULTS */;
/*!40101 SET COLLATION_CONNECTION=@OLD_COLLATION_CONNECTION */;
